,Title,URL,Year,Rating,Actors,Director
0,The Shawshank Redemption,http://www.imdb.com/title/tt0111161/,1994,9.2," Tim Robbins, Morgan Freeman",Frank Darabont 
1,The Godfather,http://www.imdb.com/title/tt0068646/,1972,9.2," Marlon Brando, Al Pacino",Francis Ford Coppola 
2,The Godfather: Part II,http://www.imdb.com/title/tt0071562/,1974,9.0," Al Pacino, Robert De Niro",Francis Ford Coppola 
3,The Dark Knight,http://www.imdb.com/title/tt0468569/,2008,9.0," Christian Bale, Heath Ledger",Christopher Nolan 
4,12 Angry Men,http://www.imdb.com/title/tt0050083/,1957,8.9," Henry Fonda, Lee J. Cobb",Sidney Lumet 
5,Schindler's List,http://www.imdb.com/title/tt0108052/,1993,8.9," Liam Neeson, Ralph Fiennes",Steven Spielberg 
6,The Lord of the Rings: The Return of the King,http://www.imdb.com/title/tt0167260/,2003,8.9," Elijah Wood, Viggo Mortensen",Peter Jackson 
7,Pulp Fiction,http://www.imdb.com/title/tt0110912/,1994,8.9," John Travolta, Uma Thurman",Quentin Tarantino 
8,"Il buono, il brutto, il cattivo",http://www.imdb.com/title/tt0060196/,1966,8.8," Clint Eastwood, Eli Wallach",Sergio Leone 
9,Fight Club,http://www.imdb.com/title/tt0137523/,1999,8.8," Brad Pitt, Edward Norton",David Fincher 
10,The Lord of the Rings: The Fellowship of the Ring,http://www.imdb.com/title/tt0120737/,2001,8.8," Elijah Wood, Ian McKellen",Peter Jackson 
11,Forrest Gump,http://www.imdb.com/title/tt0109830/,1994,8.7," Tom Hanks, Robin Wright",Robert Zemeckis 
12,Inception,http://www.imdb.com/title/tt1375666/,2010,8.7," Leonardo DiCaprio, Joseph Gordon-Levitt",Christopher Nolan 
13,Star Wars: Episode V - The Empire Strikes Back,http://www.imdb.com/title/tt0080684/,1980,8.7," Mark Hamill, Harrison Ford",Irvin Kershner 
14,The Lord of the Rings: The Two Towers,http://www.imdb.com/title/tt0167261/,2002,8.7," Elijah Wood, Ian McKellen",Peter Jackson 
15,One Flew Over the Cuckoo's Nest,http://www.imdb.com/title/tt0073486/,1975,8.7," Jack Nicholson, Louise Fletcher",Milos Forman 
16,Goodfellas,http://www.imdb.com/title/tt0099685/,1990,8.7," Robert De Niro, Ray Liotta",Martin Scorsese 
17,Avengers: Endgame,http://www.imdb.com/title/tt4154796/,2019,8.6," Robert Downey Jr., Chris Evans",Anthony Russo 
18,The Matrix,http://www.imdb.com/title/tt0133093/,1999,8.6," Keanu Reeves, Laurence Fishburne",Lana Wachowski 
19,Shichinin no samurai,http://www.imdb.com/title/tt0047478/,1954,8.6," Toshirô Mifune, Takashi Shimura",Akira Kurosawa 
20,Se7en,http://www.imdb.com/title/tt0114369/,1995,8.6," Morgan Freeman, Brad Pitt",David Fincher 
21,Cidade de Deus,http://www.imdb.com/title/tt0317248/,2002,8.6," Alexandre Rodrigues, Leandro Firmino",Fernando Meirelles 
22,Star Wars,http://www.imdb.com/title/tt0076759/,1977,8.6," Mark Hamill, Harrison Ford",George Lucas 
23,The Silence of the Lambs,http://www.imdb.com/title/tt0102926/,1991,8.6," Jodie Foster, Anthony Hopkins",Jonathan Demme 
24,It's a Wonderful Life,http://www.imdb.com/title/tt0038650/,1946,8.6," James Stewart, Donna Reed",Frank Capra 
25,La vita è bella,http://www.imdb.com/title/tt0118799/,1997,8.6," Roberto Benigni, Nicoletta Braschi",Roberto Benigni 
26,Sen to Chihiro no kamikakushi,http://www.imdb.com/title/tt0245429/,2001,8.5," Daveigh Chase, Suzanne Pleshette",Hayao Miyazaki 
27,Saving Private Ryan,http://www.imdb.com/title/tt0120815/,1998,8.5," Tom Hanks, Matt Damon",Steven Spielberg 
28,The Usual Suspects,http://www.imdb.com/title/tt0114814/,1995,8.5," Kevin Spacey, Gabriel Byrne",Bryan Singer 
29,Léon,http://www.imdb.com/title/tt0110413/,1994,8.5," Jean Reno, Gary Oldman",Luc Besson 
30,The Green Mile,http://www.imdb.com/title/tt0120689/,1999,8.5," Tom Hanks, Michael Clarke Duncan",Frank Darabont 
31,Interstellar,http://www.imdb.com/title/tt0816692/,2014,8.5," Matthew McConaughey, Anne Hathaway",Christopher Nolan 
32,Psycho,http://www.imdb.com/title/tt0054215/,1960,8.5," Anthony Perkins, Janet Leigh",Alfred Hitchcock 
33,American History X,http://www.imdb.com/title/tt0120586/,1998,8.5," Edward Norton, Edward Furlong",Tony Kaye 
34,City Lights,http://www.imdb.com/title/tt0021749/,1931,8.5," Charles Chaplin, Virginia Cherrill",Charles Chaplin 
35,Casablanca,http://www.imdb.com/title/tt0034583/,1942,8.5," Humphrey Bogart, Ingrid Bergman",Michael Curtiz 
36,Once Upon a Time in the West,http://www.imdb.com/title/tt0064116/,1968,8.5," Henry Fonda, Charles Bronson",Sergio Leone 
37,The Pianist,http://www.imdb.com/title/tt0253474/,2002,8.5," Adrien Brody, Thomas Kretschmann",Roman Polanski 
38,Modern Times,http://www.imdb.com/title/tt0027977/,1936,8.5," Charles Chaplin, Paulette Goddard",Charles Chaplin 
39,The Intouchables,http://www.imdb.com/title/tt1675434/,2011,8.5," François Cluzet, Omar Sy",Olivier Nakache 
40,The Departed,http://www.imdb.com/title/tt0407887/,2006,8.5," Leonardo DiCaprio, Matt Damon",Martin Scorsese 
41,Back to the Future,http://www.imdb.com/title/tt0088763/,1985,8.5," Michael J. Fox, Christopher Lloyd",Robert Zemeckis 
42,Terminator 2: Judgment Day,http://www.imdb.com/title/tt0103064/,1991,8.5," Arnold Schwarzenegger, Linda Hamilton",James Cameron 
43,Whiplash,http://www.imdb.com/title/tt2582802/,2014,8.5," Miles Teller, J.K. Simmons",Damien Chazelle 
44,The Lion King,http://www.imdb.com/title/tt0110357/,1994,8.5," Matthew Broderick, Jeremy Irons",Roger Allers 
45,Rear Window,http://www.imdb.com/title/tt0047396/,1954,8.5," James Stewart, Grace Kelly",Alfred Hitchcock 
46,Gladiator,http://www.imdb.com/title/tt0172495/,2000,8.5," Russell Crowe, Joaquin Phoenix",Ridley Scott 
47,Raiders of the Lost Ark,http://www.imdb.com/title/tt0082971/,1981,8.5," Harrison Ford, Karen Allen",Steven Spielberg 
48,The Prestige,http://www.imdb.com/title/tt0482571/,2006,8.5," Christian Bale, Hugh Jackman",Christopher Nolan 
49,Apocalypse Now,http://www.imdb.com/title/tt0078788/,1979,8.4," Martin Sheen, Marlon Brando",Francis Ford Coppola 
50,Memento,http://www.imdb.com/title/tt0209144/,2000,8.4," Guy Pearce, Carrie-Anne Moss",Christopher Nolan 
51,Alien,http://www.imdb.com/title/tt0078748/,1979,8.4," Sigourney Weaver, Tom Skerritt",Ridley Scott 
52,Hotaru no haka,http://www.imdb.com/title/tt0095327/,1988,8.4," Tsutomu Tatsumi, Ayano Shiraishi",Isao Takahata 
53,Nuovo Cinema Paradiso,http://www.imdb.com/title/tt0095765/,1988,8.4," Philippe Noiret, Enzo Cannavale",Giuseppe Tornatore 
54,The Great Dictator,http://www.imdb.com/title/tt0032553/,1940,8.4," Charles Chaplin, Paulette Goddard",Charles Chaplin 
55,Spider-Man: Into the Spider-Verse,http://www.imdb.com/title/tt4633694/,2018,8.4," Shameik Moore, Jake Johnson",Bob Persichetti 
56,Sunset Blvd.,http://www.imdb.com/title/tt0043014/,1950,8.4," William Holden, Gloria Swanson",Billy Wilder 
57,The Lives of Others,http://www.imdb.com/title/tt0405094/,2006,8.4," Ulrich Mühe, Martina Gedeck",Florian Henckel von Donnersmarck 
58,Dr. Strangelove or: How I Learned to Stop Worrying and Love the Bomb,http://www.imdb.com/title/tt0057012/,1964,8.4," Peter Sellers, George C. Scott",Stanley Kubrick 
59,Avengers: Infinity War,http://www.imdb.com/title/tt4154756/,2018,8.4," Robert Downey Jr., Chris Hemsworth",Anthony Russo 
60,Paths of Glory,http://www.imdb.com/title/tt0050825/,1957,8.4," Kirk Douglas, Ralph Meeker",Stanley Kubrick 
61,Django Unchained,http://www.imdb.com/title/tt1853728/,2012,8.4," Jamie Foxx, Christoph Waltz",Quentin Tarantino 
62,The Shining,http://www.imdb.com/title/tt0081505/,1980,8.4," Jack Nicholson, Shelley Duvall",Stanley Kubrick 
63,WALL·E,http://www.imdb.com/title/tt0910970/,2008,8.4," Ben Burtt, Elissa Knight",Andrew Stanton 
64,Mononoke-hime,http://www.imdb.com/title/tt0119698/,1997,8.4," Yôji Matsuda, Yuriko Ishida",Hayao Miyazaki 
65,Witness for the Prosecution,http://www.imdb.com/title/tt0051201/,1957,8.4," Tyrone Power, Marlene Dietrich",Billy Wilder 
66,Oldeuboi,http://www.imdb.com/title/tt0364569/,2003,8.3," Min-sik Choi, Ji-tae Yu",Chan-wook Park 
67,The Dark Knight Rises,http://www.imdb.com/title/tt1345836/,2012,8.3," Christian Bale, Tom Hardy",Christopher Nolan 
68,Aliens,http://www.imdb.com/title/tt0090605/,1986,8.3," Sigourney Weaver, Michael Biehn",James Cameron 
69,American Beauty,http://www.imdb.com/title/tt0169547/,1999,8.3," Kevin Spacey, Annette Bening",Sam Mendes 
70,Once Upon a Time in America,http://www.imdb.com/title/tt0087843/,1984,8.3," Robert De Niro, James Woods",Sergio Leone 
71,Coco,http://www.imdb.com/title/tt2380307/,2017,8.3," Anthony Gonzalez, Gael García Bernal",Lee Unkrich 
72,Das Boot,http://www.imdb.com/title/tt0082096/,1981,8.3," Jürgen Prochnow, Herbert Grönemeyer",Wolfgang Petersen 
73,Citizen Kane,http://www.imdb.com/title/tt0033467/,1941,8.3," Orson Welles, Joseph Cotten",Orson Welles 
74,Braveheart,http://www.imdb.com/title/tt0112573/,1995,8.3," Mel Gibson, Sophie Marceau",Mel Gibson 
75,Vertigo,http://www.imdb.com/title/tt0052357/,1958,8.3," James Stewart, Kim Novak",Alfred Hitchcock 
76,North by Northwest,http://www.imdb.com/title/tt0053125/,1959,8.3," Cary Grant, Eva Marie Saint",Alfred Hitchcock 
77,Kimi no na wa.,http://www.imdb.com/title/tt5311514/,2016,8.3," Ryûnosuke Kamiki, Mone Kamishiraishi",Makoto Shinkai 
78,Reservoir Dogs,http://www.imdb.com/title/tt0105236/,1992,8.3," Harvey Keitel, Tim Roth",Quentin Tarantino 
79,Star Wars: Episode VI - Return of the Jedi,http://www.imdb.com/title/tt0086190/,1983,8.3," Mark Hamill, Harrison Ford",Richard Marquand 
80,M - Eine Stadt sucht einen Mörder,http://www.imdb.com/title/tt0022100/,1931,8.3," Peter Lorre, Ellen Widmann",Fritz Lang 
81,Amadeus,http://www.imdb.com/title/tt0086879/,1984,8.3," F. Murray Abraham, Tom Hulce",Milos Forman 
82,Requiem for a Dream,http://www.imdb.com/title/tt0180093/,2000,8.3," Ellen Burstyn, Jared Leto",Darren Aronofsky 
83,Dangal,http://www.imdb.com/title/tt5074352/,2016,8.3," Aamir Khan, Sakshi Tanwar",Nitesh Tiwari 
84,3 Idiots,http://www.imdb.com/title/tt1187043/,2009,8.3," Aamir Khan, Madhavan",Rajkumar Hirani 
85,Toy Story,http://www.imdb.com/title/tt0114709/,1995,8.3," Tom Hanks, Tim Allen",John Lasseter 
86,2001: A Space Odyssey,http://www.imdb.com/title/tt0062622/,1968,8.3," Keir Dullea, Gary Lockwood",Stanley Kubrick 
87,Taare Zameen Par,http://www.imdb.com/title/tt0986264/,2007,8.3," Darsheel Safary, Aamir Khan",Aamir Khan 
88,Eternal Sunshine of the Spotless Mind,http://www.imdb.com/title/tt0338013/,2004,8.3," Jim Carrey, Kate Winslet",Michel Gondry 
89,Lawrence of Arabia,http://www.imdb.com/title/tt0056172/,1962,8.3," Peter O'Toole, Alec Guinness",David Lean 
90,A Clockwork Orange,http://www.imdb.com/title/tt0066921/,1971,8.3," Malcolm McDowell, Patrick Magee",Stanley Kubrick 
91,Singin' in the Rain,http://www.imdb.com/title/tt0045152/,1952,8.3," Gene Kelly, Donald O'Connor",Stanley Donen 
92,Amélie,http://www.imdb.com/title/tt0211915/,2001,8.3," Audrey Tautou, Mathieu Kassovitz",Jean-Pierre Jeunet 
93,Double Indemnity,http://www.imdb.com/title/tt0036775/,1944,8.3," Fred MacMurray, Barbara Stanwyck",Billy Wilder 
94,Inglourious Basterds,http://www.imdb.com/title/tt0361748/,2009,8.3," Brad Pitt, Diane Kruger",Quentin Tarantino 
95,Taxi Driver,http://www.imdb.com/title/tt0075314/,1976,8.3," Robert De Niro, Jodie Foster",Martin Scorsese 
96,Full Metal Jacket,http://www.imdb.com/title/tt0093058/,1987,8.3," Matthew Modine, R. Lee Ermey",Stanley Kubrick 
97,To Kill a Mockingbird,http://www.imdb.com/title/tt0056592/,1962,8.3," Gregory Peck, John Megna",Robert Mulligan 
98,Ladri di biciclette,http://www.imdb.com/title/tt0040522/,1948,8.3," Lamberto Maggiorani, Enzo Staiola",Vittorio De Sica 
99,Good Will Hunting,http://www.imdb.com/title/tt0119217/,1997,8.3," Robin Williams, Matt Damon",Gus Van Sant 
100,The Kid,http://www.imdb.com/title/tt0012349/,1921,8.3," Charles Chaplin, Edna Purviance",Charles Chaplin 
101,The Sting,http://www.imdb.com/title/tt0070735/,1973,8.3," Paul Newman, Robert Redford",George Roy Hill 
102,Jagten,http://www.imdb.com/title/tt2106476/,2012,8.3," Mads Mikkelsen, Thomas Bo Larsen",Thomas Vinterberg 
103,Toy Story 3,http://www.imdb.com/title/tt0435761/,2010,8.3," Tom Hanks, Tim Allen",Lee Unkrich 
104,Snatch,http://www.imdb.com/title/tt0208092/,2000,8.3," Jason Statham, Brad Pitt",Guy Ritchie 
105,Scarface,http://www.imdb.com/title/tt0086250/,1983,8.2," Al Pacino, Michelle Pfeiffer",Brian De Palma 
106,The Apartment,http://www.imdb.com/title/tt0053604/,1960,8.2," Jack Lemmon, Shirley MacLaine",Billy Wilder 
107,Per qualche dollaro in più,http://www.imdb.com/title/tt0059578/,1965,8.2," Clint Eastwood, Lee Van Cleef",Sergio Leone 
108,Metropolis,http://www.imdb.com/title/tt0017136/,1927,8.2," Brigitte Helm, Alfred Abel",Fritz Lang 
109,Monty Python and the Holy Grail,http://www.imdb.com/title/tt0071853/,1975,8.2," Graham Chapman, John Cleese",Terry Gilliam 
110,L.A. Confidential,http://www.imdb.com/title/tt0119488/,1997,8.2," Kevin Spacey, Russell Crowe",Curtis Hanson 
111,Jodaeiye Nader az Simin,http://www.imdb.com/title/tt1832382/,2011,8.2," Payman Maadi, Leila Hatami",Asghar Farhadi 
112,Indiana Jones and the Last Crusade,http://www.imdb.com/title/tt0097576/,1989,8.2," Harrison Ford, Sean Connery",Steven Spielberg 
113,Up,http://www.imdb.com/title/tt1049413/,2009,8.2," Edward Asner, Jordan Nagai",Pete Docter 
114,Rashômon,http://www.imdb.com/title/tt0042876/,1950,8.2," Toshirô Mifune, Machiko Kyô",Akira Kurosawa 
115,All About Eve,http://www.imdb.com/title/tt0042192/,1950,8.2," Bette Davis, Anne Baxter",Joseph L. Mankiewicz 
116,Batman Begins,http://www.imdb.com/title/tt0372784/,2005,8.2," Christian Bale, Michael Caine",Christopher Nolan 
117,Some Like It Hot,http://www.imdb.com/title/tt0053291/,1959,8.2," Marilyn Monroe, Tony Curtis",Billy Wilder 
118,Yôjinbô,http://www.imdb.com/title/tt0055630/,1961,8.2," Toshirô Mifune, Eijirô Tôno",Akira Kurosawa 
119,Der Untergang,http://www.imdb.com/title/tt0363163/,2004,8.2," Bruno Ganz, Alexandra Maria Lara",Oliver Hirschbiegel 
120,Unforgiven,http://www.imdb.com/title/tt0105695/,1992,8.2," Clint Eastwood, Gene Hackman",Clint Eastwood 
121,Die Hard,http://www.imdb.com/title/tt0095016/,1988,8.2," Bruce Willis, Alan Rickman",John McTiernan 
122,Heat,http://www.imdb.com/title/tt0113277/,1995,8.2," Al Pacino, Robert De Niro",Michael Mann 
123,The Treasure of the Sierra Madre,http://www.imdb.com/title/tt0040897/,1948,8.2," Humphrey Bogart, Walter Huston",John Huston 
124,Incendies,http://www.imdb.com/title/tt1255953/,2010,8.2," Lubna Azabal, Mélissa Désormeaux-Poulin",Denis Villeneuve 
125,Ikiru,http://www.imdb.com/title/tt0044741/,1952,8.2," Takashi Shimura, Nobuo Kaneko",Akira Kurosawa 
126,Green Book,http://www.imdb.com/title/tt6966692/,2018,8.2," Viggo Mortensen, Mahershala Ali",Peter Farrelly 
127,Raging Bull,http://www.imdb.com/title/tt0081398/,1980,8.2," Robert De Niro, Cathy Moriarty",Martin Scorsese 
128,Bacheha-Ye aseman,http://www.imdb.com/title/tt0118849/,1997,8.2," Mohammad Amir Naji, Amir Farrokh Hashemian",Majid Majidi 
129,The Great Escape,http://www.imdb.com/title/tt0057115/,1963,8.2," Steve McQueen, James Garner",John Sturges 
130,Pan's Labyrinth,http://www.imdb.com/title/tt0457430/,2006,8.2," Ivana Baquero, Ariadna Gil",Guillermo del Toro 
131,Chinatown,http://www.imdb.com/title/tt0071315/,1974,8.2," Jack Nicholson, Faye Dunaway",Roman Polanski 
132,Tonari no Totoro,http://www.imdb.com/title/tt0096283/,1988,8.2," Hitoshi Takagi, Noriko Hidaka",Hayao Miyazaki 
133,Hauru no ugoku shiro,http://www.imdb.com/title/tt0347149/,2004,8.2," Chieko Baishô, Takuya Kimura",Hayao Miyazaki 
134,The Third Man,http://www.imdb.com/title/tt0041959/,1949,8.2," Orson Welles, Joseph Cotten",Carol Reed 
135,Ran,http://www.imdb.com/title/tt0089881/,1985,8.2," Tatsuya Nakadai, Akira Terao",Akira Kurosawa 
136,Babam ve Oglum,http://www.imdb.com/title/tt0476735/,2005,8.2," Çetin Tekindor, Fikret Kuskan",Çagan Irmak 
137,Judgment at Nuremberg,http://www.imdb.com/title/tt0055031/,1961,8.2," Spencer Tracy, Burt Lancaster",Stanley Kramer 
138,El secreto de sus ojos,http://www.imdb.com/title/tt1305806/,2009,8.2," Ricardo Darín, Soledad Villamil",Juan José Campanella 
139,The Gold Rush,http://www.imdb.com/title/tt0015864/,1925,8.2," Charles Chaplin, Mack Swain",Charles Chaplin 
140,A Beautiful Mind,http://www.imdb.com/title/tt0268978/,2001,8.2," Russell Crowe, Ed Harris",Ron Howard 
141,The Bridge on the River Kwai,http://www.imdb.com/title/tt0050212/,1957,8.2," William Holden, Alec Guinness",David Lean 
142,Casino,http://www.imdb.com/title/tt0112641/,1995,8.2," Robert De Niro, Sharon Stone",Martin Scorsese 
143,"Lock, Stock and Two Smoking Barrels",http://www.imdb.com/title/tt0120735/,1998,8.2," Jason Flemyng, Dexter Fletcher",Guy Ritchie 
144,Det sjunde inseglet,http://www.imdb.com/title/tt0050976/,1957,8.1," Max von Sydow, Gunnar Björnstrand",Ingmar Bergman 
145,"Three Billboards Outside Ebbing, Missouri",http://www.imdb.com/title/tt5027774/,2017,8.1," Frances McDormand, Woody Harrelson",Martin McDonagh 
146,On the Waterfront,http://www.imdb.com/title/tt0047296/,1954,8.1," Marlon Brando, Karl Malden",Elia Kazan 
147,The Wolf of Wall Street,http://www.imdb.com/title/tt0993846/,2013,8.1," Leonardo DiCaprio, Jonah Hill",Martin Scorsese 
148,The Elephant Man,http://www.imdb.com/title/tt0080678/,1980,8.1," Anthony Hopkins, John Hurt",David Lynch 
149,Inside Out,http://www.imdb.com/title/tt2096673/,2015,8.1," Amy Poehler, Bill Hader",Pete Docter 
150,V for Vendetta,http://www.imdb.com/title/tt0434409/,2005,8.1," Hugo Weaving, Natalie Portman",James McTeigue 
151,Mr. Smith Goes to Washington,http://www.imdb.com/title/tt0031679/,1939,8.1," James Stewart, Jean Arthur",Frank Capra 
152,Room,http://www.imdb.com/title/tt3170832/,2015,8.1," Brie Larson, Jacob Tremblay",Lenny Abrahamson 
153,Warrior,http://www.imdb.com/title/tt1291584/,2011,8.1," Tom Hardy, Nick Nolte",Gavin O'Connor 
154,Blade Runner,http://www.imdb.com/title/tt0083658/,1982,8.1," Harrison Ford, Rutger Hauer",Ridley Scott 
155,Dial M for Murder,http://www.imdb.com/title/tt0046912/,1954,8.1," Ray Milland, Grace Kelly",Alfred Hitchcock 
156,There Will Be Blood,http://www.imdb.com/title/tt0469494/,2007,8.1," Daniel Day-Lewis, Paul Dano",Paul Thomas Anderson 
157,No Country for Old Men,http://www.imdb.com/title/tt0477348/,2007,8.1," Tommy Lee Jones, Javier Bardem",Ethan Coen 
158,Smultronstället,http://www.imdb.com/title/tt0050986/,1957,8.1," Victor Sjöström, Bibi Andersson",Ingmar Bergman 
159,The Sixth Sense,http://www.imdb.com/title/tt0167404/,1999,8.1," Bruce Willis, Haley Joel Osment",M. Night Shyamalan 
160,The General,http://www.imdb.com/title/tt0017925/,1926,8.1," Buster Keaton, Marion Mack",Clyde Bruckman 
161,Trainspotting,http://www.imdb.com/title/tt0117951/,1996,8.1," Ewan McGregor, Ewen Bremner",Danny Boyle 
162,Andhadhun,http://www.imdb.com/title/tt8108198/,2018,8.1," Ayushmann Khurrana, Tabu",Sriram Raghavan 
163,Gone with the Wind,http://www.imdb.com/title/tt0031381/,1939,8.1," Clark Gable, Vivien Leigh",Victor Fleming 
164,The Thing,http://www.imdb.com/title/tt0084787/,1982,8.1," Kurt Russell, Wilford Brimley",John Carpenter 
165,Fargo,http://www.imdb.com/title/tt0116282/,1996,8.1," William H. Macy, Frances McDormand",Joel Coen 
166,Idi i smotri,http://www.imdb.com/title/tt0091251/,1985,8.1," Aleksey Kravchenko, Olga Mironova",Elem Klimov 
167,Finding Nemo,http://www.imdb.com/title/tt0266543/,2003,8.1," Albert Brooks, Ellen DeGeneres",Andrew Stanton 
168,Gran Torino,http://www.imdb.com/title/tt1205489/,2008,8.1," Clint Eastwood, Bee Vang",Clint Eastwood 
169,The Deer Hunter,http://www.imdb.com/title/tt0077416/,1978,8.1," Robert De Niro, Christopher Walken",Michael Cimino 
170,Shutter Island,http://www.imdb.com/title/tt1130884/,2010,8.1," Leonardo DiCaprio, Emily Mortimer",Martin Scorsese 
171,The Big Lebowski,http://www.imdb.com/title/tt0118715/,1998,8.1," Jeff Bridges, John Goodman",Joel Coen 
172,Kill Bill: Vol. 1,http://www.imdb.com/title/tt0266697/,2003,8.1," Uma Thurman, David Carradine",Quentin Tarantino 
173,Sherlock Jr.,http://www.imdb.com/title/tt0015324/,1924,8.1," Buster Keaton, Kathryn McGuire",Buster Keaton 
174,Cool Hand Luke,http://www.imdb.com/title/tt0061512/,1967,8.1," Paul Newman, George Kennedy",Stuart Rosenberg 
175,Tôkyô monogatari,http://www.imdb.com/title/tt0046438/,1953,8.1," Chishû Ryû, Chieko Higashiyama",Yasujirô Ozu 
176,Mary and Max,http://www.imdb.com/title/tt0978762/,2009,8.1," Toni Collette, Philip Seymour Hoffman",Adam Elliot 
177,Rebecca,http://www.imdb.com/title/tt0032976/,1940,8.1," Laurence Olivier, Joan Fontaine",Alfred Hitchcock 
178,Hacksaw Ridge,http://www.imdb.com/title/tt2119532/,2016,8.1," Andrew Garfield, Sam Worthington",Mel Gibson 
179,Jurassic Park,http://www.imdb.com/title/tt0107290/,1993,8.1," Sam Neill, Laura Dern",Steven Spielberg 
180,How to Train Your Dragon,http://www.imdb.com/title/tt0892769/,2010,8.1," Jay Baruchel, Gerard Butler",Dean DeBlois 
181,Gone Girl,http://www.imdb.com/title/tt2267998/,2014,8.1," Ben Affleck, Rosamund Pike",David Fincher 
182,Relatos salvajes,http://www.imdb.com/title/tt3011894/,2014,8.1," Darío Grandinetti, María Marull",Damián Szifron 
183,The Truman Show,http://www.imdb.com/title/tt0120382/,1998,8.1," Jim Carrey, Ed Harris",Peter Weir 
184,Stalker,http://www.imdb.com/title/tt0079944/,1979,8.1," Alisa Freyndlikh, Aleksandr Kaydanovskiy",Andrei Tarkovsky 
185,Sunrise: A Song of Two Humans,http://www.imdb.com/title/tt0018455/,1927,8.1," George O'Brien, Janet Gaynor",F.W. Murnau 
186,The Grand Budapest Hotel,http://www.imdb.com/title/tt2278388/,2014,8.1," Ralph Fiennes, F. Murray Abraham",Wes Anderson 
187,In the Name of the Father,http://www.imdb.com/title/tt0107207/,1993,8.1," Daniel Day-Lewis, Pete Postlethwaite",Jim Sheridan 
188,Stand by Me,http://www.imdb.com/title/tt0092005/,1986,8.1," Wil Wheaton, River Phoenix",Rob Reiner 
189,It Happened One Night,http://www.imdb.com/title/tt0025316/,1934,8.1," Clark Gable, Claudette Colbert",Frank Capra 
190,Into the Wild,http://www.imdb.com/title/tt0758758/,2007,8.1," Emile Hirsch, Vince Vaughn",Sean Penn 
191,Platoon,http://www.imdb.com/title/tt0091763/,1986,8.1," Charlie Sheen, Tom Berenger",Oliver Stone 
192,Salinui chueok,http://www.imdb.com/title/tt0353969/,2003,8.1," Kang-ho Song, Sang-kyung Kim",Joon-ho Bong 
193,Network,http://www.imdb.com/title/tt0074958/,1976,8.1," Faye Dunaway, William Holden",Sidney Lumet 
194,Life of Brian,http://www.imdb.com/title/tt0079470/,1979,8.1," Graham Chapman, John Cleese",Terry Jones 
195,Persona,http://www.imdb.com/title/tt0060827/,1966,8.1," Bibi Andersson, Liv Ullmann",Ingmar Bergman 
196,Ben-Hur,http://www.imdb.com/title/tt0052618/,1959,8.1," Charlton Heston, Jack Hawkins",William Wyler 
197,12 Years a Slave,http://www.imdb.com/title/tt2024544/,2013,8.1," Chiwetel Ejiofor, Michael Kenneth Williams",Steve McQueen 
198,Million Dollar Baby,http://www.imdb.com/title/tt0405159/,2004,8.1," Hilary Swank, Clint Eastwood",Clint Eastwood 
199,Hotel Rwanda,http://www.imdb.com/title/tt0395169/,2004,8.1," Don Cheadle, Sophie Okonedo",Terry George 
200,Before Sunrise,http://www.imdb.com/title/tt0112471/,1995,8.1," Ethan Hawke, Julie Delpy",Richard Linklater 
201,Prisoners,http://www.imdb.com/title/tt1392214/,2013,8.1," Hugh Jackman, Jake Gyllenhaal",Denis Villeneuve 
202,Mad Max: Fury Road,http://www.imdb.com/title/tt1392190/,2015,8.1," Tom Hardy, Charlize Theron",George Miller 
203,Eskiya,http://www.imdb.com/title/tt0116231/,1996,8.1," Sener Sen, Ugur Yücel",Yavuz Turgul 
204,"Shin seiki Evangelion Gekijô-ban: Air/Magokoro wo, kimi ni",http://www.imdb.com/title/tt0169858/,1997,8.1," Megumi Ogata, Megumi Hayashibara",Hideaki Anno 
205,Hachi: A Dog's Tale,http://www.imdb.com/title/tt1028532/,2009,8.1," Richard Gere, Joan Allen",Lasse Hallström 
206,Le salaire de la peur,http://www.imdb.com/title/tt0046268/,1953,8.1," Yves Montand, Charles Vanel",Henri-Georges Clouzot 
207,Rush,http://www.imdb.com/title/tt1979320/,2013,8.1," Daniel Brühl, Chris Hemsworth",Ron Howard 
208,Logan,http://www.imdb.com/title/tt3315342/,2017,8.1," Hugh Jackman, Patrick Stewart",James Mangold 
209,Les quatre cents coups,http://www.imdb.com/title/tt0053198/,1959,8.1," Jean-Pierre Léaud, Albert Rémy",François Truffaut 
210,Catch Me If You Can,http://www.imdb.com/title/tt0264464/,2002,8.1," Leonardo DiCaprio, Tom Hanks",Steven Spielberg 
211,Spotlight,http://www.imdb.com/title/tt1895587/,2015,8.1," Mark Ruffalo, Michael Keaton",Tom McCarthy 
212,Andrei Rublev,http://www.imdb.com/title/tt0060107/,1966,8.1," Anatoliy Solonitsyn, Ivan Lapikov",Andrei Tarkovsky 
213,Amores perros,http://www.imdb.com/title/tt0245712/,2000,8.1," Emilio Echevarría, Gael García Bernal",Alejandro G. Iñárritu 
214,Harry Potter and the Deathly Hallows: Part 2,http://www.imdb.com/title/tt1201607/,2011,8.1," Daniel Radcliffe, Emma Watson",David Yates 
215,La passion de Jeanne d'Arc,http://www.imdb.com/title/tt0019254/,1928,8.1," Maria Falconetti, Eugene Silvain",Carl Theodor Dreyer 
216,Kaze no tani no Naushika,http://www.imdb.com/title/tt0087544/,1984,8.0," Sumi Shimamoto, Mahito Tsujimura",Hayao Miyazaki 
217,The Princess Bride,http://www.imdb.com/title/tt0093779/,1987,8.0," Cary Elwes, Mandy Patinkin",Rob Reiner 
218,Rocky,http://www.imdb.com/title/tt0075148/,1976,8.0," Sylvester Stallone, Talia Shire",John G. Avildsen 
219,Barry Lyndon,http://www.imdb.com/title/tt0072684/,1975,8.0," Ryan O'Neal, Marisa Berenson",Stanley Kubrick 
220,Butch Cassidy and the Sundance Kid,http://www.imdb.com/title/tt0064115/,1969,8.0," Paul Newman, Robert Redford",George Roy Hill 
221,Rang De Basanti,http://www.imdb.com/title/tt0405508/,2006,8.0," Aamir Khan, Soha Ali Khan",Rakeysh Omprakash Mehra 
222,"Monsters, Inc.",http://www.imdb.com/title/tt0198781/,2001,8.0," Billy Crystal, John Goodman",Pete Docter 
223,Dead Poets Society,http://www.imdb.com/title/tt0097165/,1989,8.0," Robin Williams, Robert Sean Leonard",Peter Weir 
224,The Grapes of Wrath,http://www.imdb.com/title/tt0032551/,1940,8.0," Henry Fonda, Jane Darwell",John Ford 
225,The Maltese Falcon,http://www.imdb.com/title/tt0033870/,1941,8.0," Humphrey Bogart, Mary Astor",John Huston 
226,The Terminator,http://www.imdb.com/title/tt0088247/,1984,8.0," Arnold Schwarzenegger, Linda Hamilton",James Cameron 
227,Ah-ga-ssi,http://www.imdb.com/title/tt4016934/,2016,8.0," Min-hee Kim, Jung-woo Ha",Chan-wook Park 
228,Gandhi,http://www.imdb.com/title/tt0083987/,1982,8.0," Ben Kingsley, John Gielgud",Richard Attenborough 
229,La haine,http://www.imdb.com/title/tt0113247/,1995,8.0," Vincent Cassel, Hubert Koundé",Mathieu Kassovitz 
230,Faa yeung nin wa,http://www.imdb.com/title/tt0118694/,2000,8.0," Tony Chiu-Wai Leung, Maggie Cheung",Kar-Wai Wong 
231,Donnie Darko,http://www.imdb.com/title/tt0246578/,2001,8.0," Jake Gyllenhaal, Jena Malone",Richard Kelly 
232,Les diaboliques,http://www.imdb.com/title/tt0046911/,1955,8.0," Simone Signoret, Véra Clouzot",Henri-Georges Clouzot 
233,Da hong deng long gao gao gua,http://www.imdb.com/title/tt0101640/,1991,8.0," Li Gong, Jingwu Ma",Yimou Zhang 
234,Groundhog Day,http://www.imdb.com/title/tt0107048/,1993,8.0," Bill Murray, Andie MacDowell",Harold Ramis 
235,The Help,http://www.imdb.com/title/tt1454029/,2011,8.0," Emma Stone, Viola Davis",Tate Taylor 
236,The Wizard of Oz,http://www.imdb.com/title/tt0032138/,1939,8.0," Judy Garland, Frank Morgan",Victor Fleming 
237,Guardians of the Galaxy,http://www.imdb.com/title/tt2015381/,2014,8.0," Chris Pratt, Vin Diesel",James Gunn 
238,Jaws,http://www.imdb.com/title/tt0073195/,1975,8.0," Roy Scheider, Robert Shaw",Steven Spielberg 
239,Before Sunset,http://www.imdb.com/title/tt0381681/,2004,8.0," Ethan Hawke, Julie Delpy",Richard Linklater 
240,Tenkû no shiro Rapyuta,http://www.imdb.com/title/tt0092067/,1986,8.0," Anna Paquin, James Van Der Beek",Hayao Miyazaki 
241,"Paris, Texas",http://www.imdb.com/title/tt0087884/,1984,8.0," Harry Dean Stanton, Nastassja Kinski",Wim Wenders 
242,Pirates of the Caribbean: The Curse of the Black Pearl,http://www.imdb.com/title/tt0325980/,2003,8.0," Johnny Depp, Geoffrey Rush",Gore Verbinski 
243,Beauty and the Beast,http://www.imdb.com/title/tt0101414/,1991,8.0," Paige O'Hara, Robby Benson",Gary Trousdale 
244,Akira,http://www.imdb.com/title/tt0094625/,1988,8.0," Mitsuo Iwata, Nozomu Sasaki",Katsuhiro Ôtomo 
245,Trois couleurs: Rouge,http://www.imdb.com/title/tt0111495/,1994,8.0," Irène Jacob, Jean-Louis Trintignant",Krzysztof Kieslowski 
246,The Exorcist,http://www.imdb.com/title/tt0070047/,1973,8.0," Ellen Burstyn, Max von Sydow",William Friedkin 
247,Drishyam,http://www.imdb.com/title/tt4430212/,2015,8.0," Ajay Devgn, Shriya Saran",Nishikant Kamat 
248,PK,http://www.imdb.com/title/tt2338151/,2014,8.0," Aamir Khan, Anushka Sharma",Rajkumar Hirani 
249,Gangs of Wasseypur,http://www.imdb.com/title/tt1954470/,2012,8.0," Manoj Bajpayee, Richa Chadha",Anurag Kashyap 
